{
  "senaryo": "sifirdan tahmin (k=0)",
  "kaynak": "fit=train(2018-2024), eval=2025; sizinti yok",
  "trials": 1500,
  "results": {
    "Rastgele": {
      "acc": 0.20006414662084765,
      "std": 0.02344678304633407
    },
    "GlobalFreq": {
      "acc": 0.21993127147766323,
      "std": 0.0
    },
    "Markov": {
      "acc": 0.21305841924398625,
      "std": 0.0
    },
    "Dengeleme": {
      "acc": 0.15120274914089346,
      "std": 0.0
    },
    "Pozisyonel": {
      "acc": 0.18556701030927836,
      "std": 0.0
    },
    "PermCycle": {
      "acc": 0.23367697594501718,
      "std": 0.0
    },
    "BalancedShuffle": {
      "acc": 0.2004192439862543,
      "std": 0.023732990431284243
    },
    "GRU": {
      "acc": 0.1718213058419244,
      "std": 0.0
    },
    "MaskedBERT": {
      "acc": 0.21649484536082475,
      "std": 0.0
    }
  },
  "oracle": {
    "acc": 0.2508591065292096,
    "perm": "AEDCB",
    "not": "2025'e bakar; model degil, ulasilabilir tavan"
  }
}