{
  "kaynak": "fit=train(2018-2024), eval=2025; sizinti yok",
  "hybrid_alpha": 0.2,
  "known_fracs": [
    0.0,
    0.5,
    0.7,
    0.85,
    0.9
  ],
  "trials": 1500,
  "results": {
    "Rastgele": {
      "known_0": {
        "acc": 0.20006414662084765,
        "std": 0.02344678304633407
      },
      "known_50": {
        "acc": 0.20009589041095888,
        "std": 0.03294622882622561
      },
      "known_70": {
        "acc": 0.1983984674329502,
        "std": 0.043288318065481945
      },
      "known_85": {
        "acc": 0.2007121212121212,
        "std": 0.060194609019451166
      },
      "known_90": {
        "acc": 0.19995555555555555,
        "std": 0.07350483649158279
      }
    },
    "GlobalFreq": {
      "known_0": {
        "acc": 0.21993127147766328,
        "std": 5.551115123125783e-17
      },
      "known_50": {
        "acc": 0.219986301369863,
        "std": 0.02438722588034026
      },
      "known_70": {
        "acc": 0.2202911877394636,
        "std": 0.03797976358314315
      },
      "known_85": {
        "acc": 0.22062121212121208,
        "std": 0.05966654162228921
      },
      "known_90": {
        "acc": 0.21880000000000002,
        "std": 0.07334775615745401
      }
    },
    "Markov": {
      "known_0": {
        "acc": 0.21305841924398625,
        "std": 0.0
      },
      "known_50": {
        "acc": 0.20936529680365296,
        "std": 0.027672249706289877
      },
      "known_70": {
        "acc": 0.21109578544061303,
        "std": 0.039096004721445816
      },
      "known_85": {
        "acc": 0.21369696969696966,
        "std": 0.05802295229968985
      },
      "known_90": {
        "acc": 0.2152666666666667,
        "std": 0.07221549028454378
      }
    },
    "Dengeleme": {
      "known_0": {
        "acc": 0.15120274914089343,
        "std": 2.7755575615628914e-17
      },
      "known_50": {
        "acc": 0.21376255707762554,
        "std": 0.03574103134340667
      },
      "known_70": {
        "acc": 0.2291111111111111,
        "std": 0.044769782294893264
      },
      "known_85": {
        "acc": 0.2629090909090909,
        "std": 0.06757320283253437
      },
      "known_90": {
        "acc": 0.29513333333333336,
        "std": 0.0881876198584376
      }
    },
    "PencereKaçın": {
      "known_0": {
        "acc": 0.21305841924398625,
        "std": 0.0
      },
      "known_50": {
        "acc": 0.23089954337899546,
        "std": 0.027310368678571905
      },
      "known_70": {
        "acc": 0.23967049808429117,
        "std": 0.03796451249110783
      },
      "known_85": {
        "acc": 0.24813636363636363,
        "std": 0.05689665490029247
      },
      "known_90": {
        "acc": 0.25426666666666664,
        "std": 0.07463701792304167
      }
    },
    "Hybrid": {
      "known_0": {
        "acc": 0.21305841924398625,
        "std": 0.0
      },
      "known_50": {
        "acc": 0.22343378995433788,
        "std": 0.034104232645636515
      },
      "known_70": {
        "acc": 0.25045210727969347,
        "std": 0.04399504863837656
      },
      "known_85": {
        "acc": 0.2957272727272727,
        "std": 0.0686092260218464
      },
      "known_90": {
        "acc": 0.32086666666666663,
        "std": 0.08695331229181853
      }
    },
    "SmartHybrid": {
      "known_0": {
        "acc": 0.1958762886597938,
        "std": 0.0
      },
      "known_50": {
        "acc": 0.23960273972602741,
        "std": 0.0347373573152091
      },
      "known_70": {
        "acc": 0.26380842911877395,
        "std": 0.0441030426982544
      },
      "known_85": {
        "acc": 0.2952121212121212,
        "std": 0.06539725326509453
      },
      "known_90": {
        "acc": 0.30877777777777776,
        "std": 0.0781782546887102
      }
    },
    "Unified": {
      "known_0": {
        "acc": 0.15120274914089343,
        "std": 2.7755575615628914e-17
      },
      "known_50": {
        "acc": 0.22128310502283102,
        "std": 0.03500588345287366
      },
      "known_70": {
        "acc": 0.2519080459770115,
        "std": 0.04487512559305117
      },
      "known_85": {
        "acc": 0.29684848484848486,
        "std": 0.06688246066448417
      },
      "known_90": {
        "acc": 0.3273555555555555,
        "std": 0.08128030754778016
      }
    },
    "GRU": {
      "known_0": {
        "acc": 0.17182130584192443,
        "std": 2.7755575615628914e-17
      },
      "known_50": {
        "acc": 0.23561643835616436,
        "std": 0.030469317488055144
      },
      "known_70": {
        "acc": 0.24915708812260534,
        "std": 0.041339043129221
      },
      "known_85": {
        "acc": 0.2592424242424242,
        "std": 0.061090676105856834
      },
      "known_90": {
        "acc": 0.2630222222222222,
        "std": 0.07608995326358349
      }
    },
    "MaskedBERT": {
      "known_0": {
        "acc": 0.21649484536082483,
        "std": 8.326672684688674e-17
      },
      "known_50": {
        "acc": 0.21721917808219177,
        "std": 0.030699557220520268
      },
      "known_70": {
        "acc": 0.21972413793103449,
        "std": 0.04255028552082501
      },
      "known_85": {
        "acc": 0.22483333333333333,
        "std": 0.06144416526703506
      },
      "known_90": {
        "acc": 0.2265777777777778,
        "std": 0.07501303261252937
      }
    }
  }
}