{
  "kaynak": "fit=train(2018-2024), eval=2025; sizinti yok",
  "hybrid_alpha": 0.2,
  "known_fracs": [
    0.0,
    0.5,
    0.7,
    0.85,
    0.9
  ],
  "trials": 300,
  "results": {
    "Rastgele": {
      "known_0": {
        "acc": 0.20030927835051549,
        "std": 0.02390541786455473
      },
      "known_50": {
        "acc": 0.20089041095890414,
        "std": 0.03452020819576233
      },
      "known_70": {
        "acc": 0.19988505747126437,
        "std": 0.042716629568752364
      },
      "known_85": {
        "acc": 0.1984848484848485,
        "std": 0.059795718971730645
      },
      "known_90": {
        "acc": 0.20022222222222225,
        "std": 0.0715434772414821
      }
    },
    "GlobalFreq": {
      "known_0": {
        "acc": 0.2199312714776633,
        "std": 8.326672684688674e-17
      },
      "known_50": {
        "acc": 0.21876712328767123,
        "std": 0.024063493709979927
      },
      "known_70": {
        "acc": 0.21904214559386978,
        "std": 0.0373521168671773
      },
      "known_85": {
        "acc": 0.2167424242424242,
        "std": 0.05780352674634901
      },
      "known_90": {
        "acc": 0.2154444444444444,
        "std": 0.07181758442121794
      }
    },
    "Markov": {
      "known_0": {
        "acc": 0.21305841924398622,
        "std": 2.7755575615628914e-17
      },
      "known_50": {
        "acc": 0.20926940639269406,
        "std": 0.027957028865391583
      },
      "known_70": {
        "acc": 0.20659003831417627,
        "std": 0.03856880903834939
      },
      "known_85": {
        "acc": 0.20545454545454547,
        "std": 0.059374610336549415
      },
      "known_90": {
        "acc": 0.20622222222222222,
        "std": 0.07286585001744941
      }
    },
    "Dengeleme": {
      "known_0": {
        "acc": 0.15120274914089346,
        "std": 0.0
      },
      "known_50": {
        "acc": 0.21397260273972601,
        "std": 0.03610206336444741
      },
      "known_70": {
        "acc": 0.231264367816092,
        "std": 0.044028040085107724
      },
      "known_85": {
        "acc": 0.2653787878787879,
        "std": 0.06922978301158424
      },
      "known_90": {
        "acc": 0.303,
        "std": 0.08508318369776807
      }
    },
    "PencereKaçın": {
      "known_0": {
        "acc": 0.21305841924398622,
        "std": 2.7755575615628914e-17
      },
      "known_50": {
        "acc": 0.23018264840182648,
        "std": 0.026390126433381622
      },
      "known_70": {
        "acc": 0.2375478927203065,
        "std": 0.03661761012098196
      },
      "known_85": {
        "acc": 0.24712121212121213,
        "std": 0.05660850199134681
      },
      "known_90": {
        "acc": 0.255,
        "std": 0.07698604972234808
      }
    },
    "Hybrid": {
      "known_0": {
        "acc": 0.21305841924398622,
        "std": 2.7755575615628914e-17
      },
      "known_50": {
        "acc": 0.2256164383561644,
        "std": 0.03216242711061445
      },
      "known_70": {
        "acc": 0.2518390804597701,
        "std": 0.04390227841199577
      },
      "known_85": {
        "acc": 0.29659090909090907,
        "std": 0.06701334618934585
      },
      "known_90": {
        "acc": 0.32622222222222225,
        "std": 0.0881569867962129
      }
    },
    "SmartHybrid": {
      "known_0": {
        "acc": 0.1958762886597938,
        "std": 0.0
      },
      "known_50": {
        "acc": 0.23737442922374433,
        "std": 0.033282401509581463
      },
      "known_70": {
        "acc": 0.263639846743295,
        "std": 0.042770343357974444
      },
      "known_85": {
        "acc": 0.2950757575757576,
        "std": 0.06648024037233372
      },
      "known_90": {
        "acc": 0.3106666666666667,
        "std": 0.07839312139136623
      }
    },
    "Unified": {
      "known_0": {
        "acc": 0.15120274914089346,
        "std": 0.0
      },
      "known_50": {
        "acc": 0.21988584474885844,
        "std": 0.03610872608175627
      },
      "known_70": {
        "acc": 0.2552107279693487,
        "std": 0.04767273615611445
      },
      "known_85": {
        "acc": 0.2971969696969697,
        "std": 0.06814691867760805
      },
      "known_90": {
        "acc": 0.33444444444444443,
        "std": 0.07915448249319448
      }
    },
    "MaskedBERT": {
      "known_0": {
        "acc": 0.21649484536082478,
        "std": 2.7755575615628914e-17
      },
      "known_50": {
        "acc": 0.2146575342465753,
        "std": 0.028808732682148404
      },
      "known_70": {
        "acc": 0.21609195402298853,
        "std": 0.04051893966713344
      },
      "known_85": {
        "acc": 0.22295454545454543,
        "std": 0.061715740655266374
      },
      "known_90": {
        "acc": 0.225,
        "std": 0.07640656361179296
      }
    }
  }
}