{
  "kaynak": "fit=train(2018-2024), eval=2025; sizinti yok",
  "hybrid_alpha": 0.2,
  "known_fracs": [
    0.5,
    0.7,
    0.85,
    0.9
  ],
  "trials": 300,
  "results": {
    "Rastgele": {
      "known_50": {
        "acc": 0.2007305936073059,
        "std": 0.0342689120459357
      },
      "known_70": {
        "acc": 0.2003448275862069,
        "std": 0.04295391687338293
      },
      "known_85": {
        "acc": 0.19962121212121214,
        "std": 0.06335050332719543
      },
      "known_90": {
        "acc": 0.19655555555555557,
        "std": 0.07023233049610116
      }
    },
    "GlobalFreq": {
      "known_50": {
        "acc": 0.21876712328767123,
        "std": 0.024063493709979927
      },
      "known_70": {
        "acc": 0.21904214559386978,
        "std": 0.0373521168671773
      },
      "known_85": {
        "acc": 0.2167424242424242,
        "std": 0.05780352674634901
      },
      "known_90": {
        "acc": 0.2154444444444444,
        "std": 0.07181758442121794
      }
    },
    "Markov": {
      "known_50": {
        "acc": 0.20926940639269406,
        "std": 0.027957028865391583
      },
      "known_70": {
        "acc": 0.20659003831417627,
        "std": 0.03856880903834939
      },
      "known_85": {
        "acc": 0.20545454545454547,
        "std": 0.059374610336549415
      },
      "known_90": {
        "acc": 0.20622222222222222,
        "std": 0.07286585001744941
      }
    },
    "Dengeleme": {
      "known_50": {
        "acc": 0.21397260273972601,
        "std": 0.03610206336444741
      },
      "known_70": {
        "acc": 0.231264367816092,
        "std": 0.044028040085107724
      },
      "known_85": {
        "acc": 0.2653787878787879,
        "std": 0.06922978301158424
      },
      "known_90": {
        "acc": 0.303,
        "std": 0.08508318369776807
      }
    },
    "Hybrid": {
      "known_50": {
        "acc": 0.2256164383561644,
        "std": 0.03216242711061445
      },
      "known_70": {
        "acc": 0.2518390804597701,
        "std": 0.04390227841199577
      },
      "known_85": {
        "acc": 0.29659090909090907,
        "std": 0.06701334618934585
      },
      "known_90": {
        "acc": 0.32622222222222225,
        "std": 0.0881569867962129
      }
    },
    "MaskedBERT": {
      "known_50": {
        "acc": 0.2146575342465753,
        "std": 0.028808732682148404
      },
      "known_70": {
        "acc": 0.21609195402298853,
        "std": 0.04051893966713344
      },
      "known_85": {
        "acc": 0.22295454545454543,
        "std": 0.061715740655266374
      },
      "known_90": {
        "acc": 0.225,
        "std": 0.07640656361179296
      }
    }
  }
}